id,name,sales
1,Brittan Cousens,131
2,Devlin Toderini,259
3,Erroll Gold,270
4,Justus McIndoe,239
5,Ingamar Dyka,251
6,Papagena MacKenny,275
7,Alikee Lazonby,58
8,Maure Dugdale,79
9,Maxwell Brion,255
10,Sophie Ferenczi,173
11,Langston Romer,38
12,Darla Bunworth,41
13,Lurleen Effaunt,53
14,Skippy Dufer,189
15,Nichole Normanville,210
16,Wendell Vile,231
17,Gardner Clemo,205
18,Felicio Birds,110
19,Frayda Dowsing,145
20,Peggi Ryton,251
21,Delinda Solesbury,279
22,Falito Walentynowicz,141
23,Sly Stubbley,26
24,Zared Duffit,296
25,Dunc Chuney,293
26,Lorine Goddard,164
27,Roxi Bumpus,69
28,Cyndia Minithorpe,116
29,Farris Costello,214
30,Zaccaria Jaquet,139
31,Filide Woodrough,19
32,Lissy Laxson,209
33,Bryna Fishe,36
34,Padraig Jessen,93
35,Julita Boness,11
36,Malchy Kobieriecki,175
37,Townie Bruckshaw,285
38,Murvyn Mariot,107
39,Virgie Crumpe,171
40,Ronda Acomb,139
41,Rodd Smewin,13
42,Alvira Lusty,112
43,Gabriel Fleming,27
44,Carlota Wareing,18
45,Babbie Crampton,207
46,Lynde Coffee,129
47,Moses Tinghill,5
48,Shaylyn Ortiger,26
49,Ramonda Leythley,4
50,Zitella Echalier,45
51,Darrell Hazeldean,209
52,Kelby Mackie,253
53,Mignonne Hannum,130
54,Belle Stenhouse,292
55,Freida Raleston,188
56,Vina Branton,158
57,Tad Edwards,83
58,Lucio Allett,99
59,Adah Ellsworthe,226
60,Alley Halso,281
61,Roddy Nozzolinii,149
62,Hermie Thormwell,105
63,Charo Waples,183
64,Alyce Kaygill,25
65,Fred Druhan,87
66,Jehanna Antoniades,5
67,Yolanthe Georgeau,284
68,Gustave Valerius,152
69,Gearard Caplen,205
70,Fidole Kirsop,189
71,Tess Slixby,159
72,Twyla Norkett,198
73,Lainey Mattusov,85
74,Chev Strasse,41
75,Haleigh Langstone,38
76,Kati Hehir,67
77,Rey Jasper,51
78,Devinne Gateland,136
79,Jemmie Tolwood,63
80,Florella Dowyer,24
81,Giffard Kirkbride,32
82,Clayborne Copins,58
83,Brien Gozzard,118
84,Orland Pedreschi,156
85,Emmet Splevings,64
86,Rriocard Hendren,124
87,Rozalie Curedell,111
88,Monique Harral,19
89,Nichole Stovin,192
90,Dasi Batter,112
91,Lizabeth Friedlos,216
92,Otis Thresh,157
93,Ivie Malt,210
94,Irwinn Baverstock,283
95,Lacy Canniffe,98
96,Ebony Ellinor,62
97,Hilary Delgadillo,53
98,Meredith Canon,142
99,Ragnar Warrender,8
100,Auberon Brun,132
101,Allsun Kettley,138
102,Iosep Tomkiss,42
103,Vivyan Peye,180
104,Brok MacCart,178
105,Chloette Bettis,16
106,Grantham Worton,247
107,Tommie Cloake,243
108,Chere Robben,89
109,Trix Champken,300
110,Luella Annetts,156
111,Halette Polkinghorne,95
112,Rozele Narracott,162
113,Alta Blunsum,253
114,Art Poyle,164
115,Ammamaria Meachan,138
116,Lemar Goldie,163
117,Vitia Kassel,187
118,Abbe Folds,81
119,Clerkclaude Dadswell,254
120,Oralie Dyball,294
121,Dena Spennock,190
122,Von Sigart,105
123,Jo-anne Samper,281
124,Kati Fyall,100
125,Bendicty Lyford,294
126,Margit Peasee,300
127,Godard Byart,137
128,Luci McGilbon,3
129,Dewie Wooton,1
130,Aretha Strathman,213
131,Ashia Luce,171
132,Tilda Eddowis,57
133,Tonia Summerlad,234
134,Gabriella Lavallin,227
135,Ellynn Latek,51
136,Yul Izchaki,11
137,Morgun Irwin,278
138,Tomas Corre,60
139,Dario Lysaght,77
140,Ron Buse,259
141,Rois Tatteshall,234
142,Rustie Shuttle,110
143,Cyrille Jovanovic,124
144,Salmon Vanyukov,232
145,Cecilius Tasker,214
146,Berrie Elsop,17
147,Natalya Heyburn,188
148,Sanson Tidbold,185
149,Caralie Murrthum,103
150,Jaine Agutter,269
151,Heinrick Gatsby,177
152,Matty Ruppeli,144
153,Ilise Chatain,256
154,Ethyl Guwer,114
155,Gus Plinck,283
156,Abbe Waller,159
157,Kerrin Hammatt,136
158,Avril Mullan,89
159,Uriel Issacov,290
160,Susi Brandel,273
161,Emmett Tyght,27
162,Petra Kamienski,275
163,Sarge Good,77
164,Bale Broadwell,254
165,Padraic Ruscoe,249
166,Kasey Broek,91
167,Garrik Fry,165
168,Margie O'Mara,11
169,Sula Andresser,297
170,Steven Rooson,71
171,Debbi Jaslem,295
172,Finlay Littlefair,97
173,Nevil Siney,156
174,Elia Leacy,284
175,Vinni Adaway,192
176,Georgetta McFadden,118
177,Doy Sayce,203
178,Innis Cockney,133
179,Tabbitha Reddy,280
180,Zelda Robke,107
181,Tiffy Weekes,296
182,Serge Willars,28
183,Missie Ekless,38
184,Sanders Toderi,208
185,Lonee Itzchaky,131
186,Sydel Balasin,288
187,Eleonore Burkart,296
188,Alisander Charkham,87
189,Linus Gerren,19
190,Lenna Francklyn,205
191,Haskel Flohard,155
192,Jeane Larkin,91
193,Kellen McBride,72
194,Lissi Gilcriest,102
195,Lorianne O' Cuolahan,169
196,Timi Triplow,283
197,Karlis Brough,287
198,Marla Howsan,23
199,Arnold Boays,284
200,Trudy Hartford,198
